Ticker,GrangerFeatures
360ONE,IndianBondYieldRate_scaled
3MINDIA,"EBITDA_scaled, Market-Cap-Sales_scaled, PriceToBookValue_scaled, 50DayMA_scaled, GPM_scaled, CBOE_scaled, CrudeOil_scaled, Volume_scaled"
AARTIIND,"Dollar-INR_scaled, 50DayMA_scaled, 100DayMA_scaled, Market-Cap-Sales_scaled"
AAVAS,"CBOE_scaled, Dollar-INR_scaled, GDP_scaled, PriceToBookValue_scaled"
ABB,"100DayMA_scaled, 50DayMA_scaled, PriceToBookValue_scaled, Volume_scaled, Market-Cap-Sales_scaled"
ABBOTINDIA,"Volume_scaled, 50DayMA_scaled, 100DayMA_scaled, GPM_scaled"
ABCAPITAL,"Market-Cap-Sales_scaled, Volume_scaled, 50DayMA_scaled, PriceToBookValue_scaled, NPM_scaled, 100DayMA_scaled, BookValue_scaled"
ABFRL,"PriceToBookValue_scaled, Market-Cap-Sales_scaled, Sales_scaled, CrudeOil_scaled, 100DayMA_scaled, EBITDA_scaled, 50DayMA_scaled"
ABREL,"50DayMA_scaled, Sales_scaled, OPM_scaled, Market-Cap-Sales_scaled, PriceToBookValue_scaled"
ABSLAMC,"50DayMA_scaled, Market-Cap-Sales_scaled, BookValue_scaled, GDP_scaled"
ACC,"PriceToBookValue_scaled, Volume_scaled"
ACE,"50DayMA_scaled, PriceToBookValue_scaled, Market-Cap-Sales_scaled, 100DayMA_scaled, EBITDA_scaled, Volume_scaled"
ACI,Volume_scaled
ADANIENSOL,"PriceToBookValue_scaled, Market-Cap-Sales_scaled, 50DayMA_scaled, GPM_scaled, IndianBondYieldRate_scaled, CrudeOil_scaled"
ADANIENT,"50DayMA_scaled, Market-Cap-Sales_scaled, PriceToBookValue_scaled, BookValue_scaled, 100DayMA_scaled, inflation-Monthly_scaled, Volume_scaled"
ADANIGREEN,"BookValue_scaled, PriceToBookValue_scaled, Market-Cap-Sales_scaled, IndianBondYieldRate_scaled"
ADANIPORTS,"BookValue_scaled, Volume_scaled, 50DayMA_scaled, inflation-Monthly_scaled"
ADANIPOWER,"Market-Cap-Sales_scaled, Volume_scaled"
AEGISLOG,"Volume_scaled, 50DayMA_scaled, Market-Cap-Sales_scaled, 100DayMA_scaled"
AFFLE,"BookValue_scaled, OPM_scaled, PriceToBookValue_scaled"
AIAENG,"EBITDA_scaled, Sales_scaled, Volume_scaled, CrudeOil_scaled, 100DayMA_scaled, 50DayMA_scaled"
AJANTPHARM,"EBITDA_scaled, Sales_scaled, 100DayMA_scaled, 50DayMA_scaled, Market-Cap-Sales_scaled, PriceToBookValue_scaled, CrudeOil_scaled"
AKUMS,Market-Cap-Sales_scaled
ALKEM,"Volume_scaled, 50DayMA_scaled, 100DayMA_scaled, inflation-Monthly_scaled"
ALKYLAMINE,"GDP_scaled, 100DayMA_scaled, 50DayMA_scaled, UnemploymentRate_scaled, inflation-yearly_scaled"
ALOKINDS,"Market-Cap-Sales_scaled, 50DayMA_scaled, GPM_scaled, 100DayMA_scaled, UnemploymentRate_scaled, NPM_scaled, PriceToBookValue_scaled, inflation-yearly_scaled, Dollar-INR_scaled, Volume_scaled"
AMBER,"EBITDA_scaled, Sales_scaled, PriceToBookValue_scaled, 50DayMA_scaled, Volume_scaled, Market-Cap-Sales_scaled"
AMBUJACEM,"BookValue_scaled, Market-Cap-Sales_scaled, 100DayMA_scaled, PriceToBookValue_scaled, 50DayMA_scaled, Volume_scaled"
ANANDRATHI,"PriceToBookValue_scaled, Market-Cap-Sales_scaled, BookValue_scaled"
ANANTRAJ,"Market-Cap-Sales_scaled, 100DayMA_scaled"
ANGELONE,"EBITDA_scaled, 100DayMA_scaled, PriceToBookValue_scaled, OPM_scaled, Market-Cap-Sales_scaled, Dollar-INR_scaled, 50DayMA_scaled, NPM_scaled"
APARINDS,"PriceToBookValue_scaled, 50DayMA_scaled, BookValue_scaled, Market-Cap-Sales_scaled, 100DayMA_scaled, CBOE_scaled"
APLLTD,"EBITDA_scaled, 50DayMA_scaled, Sales_scaled, 100DayMA_scaled, Volume_scaled, CrudeOil_scaled"
APOLLOHOSP,"EBITDA_scaled, BookValue_scaled, Sales_scaled, PriceToBookValue_scaled, Market-Cap-Sales_scaled"
APOLLOTYRE,"100DayMA_scaled, EBITDA_scaled, CrudeOil_scaled"
APTUS,"IndianBondYieldRate_scaled, CrudeOil_scaled"
ARE&M,"Volume_scaled, Sales_scaled, 100DayMA_scaled, 50DayMA_scaled"
ASAHIINDIA,"Market-Cap-Sales_scaled, PriceToBookValue_scaled, Volume_scaled, CrudeOil_scaled, 100DayMA_scaled"
ASHOKLEY,"PriceToBookValue_scaled, BookValue_scaled, EBITDA_scaled, 50DayMA_scaled"
ASIANPAINT,"CrudeOil_scaled, BookValue_scaled"
ASTERDM,"Volume_scaled, Market-Cap-Sales_scaled, PriceToBookValue_scaled, 100DayMA_scaled, CrudeOil_scaled"
ASTRAL,"Market-Cap-Sales_scaled, NPM_scaled"
ASTRAZEN,"Volume_scaled, 50DayMA_scaled, GPM_scaled"
ATGL,"PriceToBookValue_scaled, Market-Cap-Sales_scaled, 100DayMA_scaled, 50DayMA_scaled, CBOE_scaled, BookValue_scaled, OPM_scaled, CrudeOil_scaled"
ATUL,"Market-Cap-Sales_scaled, EBITDA_scaled, PriceToBookValue_scaled, BookValue_scaled, CrudeOil_scaled"
AUBANK,"Market-Cap-Sales_scaled, NPM_scaled"
AUROPHARMA,"Sales_scaled, EBITDA_scaled, 50DayMA_scaled, IndianBondYieldRate_scaled, CrudeOil_scaled"
AVANTIFEED,"PriceToBookValue_scaled, Market-Cap-Sales_scaled, 50DayMA_scaled, 100DayMA_scaled, IndianBondYieldRate_scaled"
AWL,"Sales_scaled, PriceToBookValue_scaled, Volume_scaled, CrudeOil_scaled, 100DayMA_scaled, GPM_scaled, 50DayMA_scaled, Market-Cap-Sales_scaled, inflation-Monthly_scaled"
AXISBANK,"Market-Cap-Sales_scaled, PriceToBookValue_scaled, OPM_scaled, IndianBondYieldRate_scaled, Dollar-INR_scaled, 50DayMA_scaled, NPM_scaled, GDP_scaled"
BAJAJ-AUTO,"EBITDA_scaled, NPM_scaled, PriceToBookValue_scaled, Sales_scaled, Market-Cap-Sales_scaled, OPM_scaled, 50DayMA_scaled, 100DayMA_scaled"
BAJAJFINSV,"50DayMA_scaled, OPM_scaled, CrudeOil_scaled, NPM_scaled"
BAJAJHLDNG,"NPM_scaled, OPM_scaled, PriceToBookValue_scaled, Dollar-INR_scaled"
BAJFINANCE,"Market-Cap-Sales_scaled, PriceToBookValue_scaled, Volume_scaled, 50DayMA_scaled, 100DayMA_scaled, UnemploymentRate_scaled"
BALAMINES,"GPM_scaled, 100DayMA_scaled, Dollar-INR_scaled, PriceToBookValue_scaled, 50DayMA_scaled"
BALKRISIND,"50DayMA_scaled, PriceToBookValue_scaled"
BALRAMCHIN,"CrudeOil_scaled, UnemploymentRate_scaled, inflation-yearly_scaled, Market-Cap-Sales_scaled, Volume_scaled"
BANDHANBNK,"Market-Cap-Sales_scaled, 50DayMA_scaled"
BANKBARODA,"NPM_scaled, OPM_scaled"
BANKINDIA,"Sales_scaled, Market-Cap-Sales_scaled, Volume_scaled, PriceToBookValue_scaled, Dollar-INR_scaled"
BASF,"inflation-Monthly_scaled, 100DayMA_scaled, PriceToBookValue_scaled, 50DayMA_scaled, GPM_scaled, Market-Cap-Sales_scaled, CrudeOil_scaled, Volume_scaled"
BATAINDIA,"50DayMA_scaled, PriceToBookValue_scaled, Dollar-INR_scaled, IndianBondYieldRate_scaled, Market-Cap-Sales_scaled, Sales_scaled"
BAYERCROP,"Volume_scaled, CrudeOil_scaled, GDP_scaled"
BBTC,"PriceToBookValue_scaled, 100DayMA_scaled, 50DayMA_scaled, Market-Cap-Sales_scaled"
BDL,"Volume_scaled, 100DayMA_scaled, 50DayMA_scaled"
BEL,"50DayMA_scaled, 100DayMA_scaled, EBITDA_scaled, Volume_scaled, Sales_scaled"
BEML,"100DayMA_scaled, PriceToBookValue_scaled, Market-Cap-Sales_scaled, 50DayMA_scaled"
BERGEPAINT,CrudeOil_scaled
BHARATFORG,"50DayMA_scaled, 100DayMA_scaled, CrudeOil_scaled"
BHARTIARTL,100DayMA_scaled
BHARTIHEXA,"Volume_scaled, CrudeOil_scaled"
BHEL,"100DayMA_scaled, 50DayMA_scaled, PriceToBookValue_scaled, Market-Cap-Sales_scaled"
BIKAJI,"PriceToBookValue_scaled, Dollar-INR_scaled"
BIOCON,"GPM_scaled, Dollar-INR_scaled, CBOE_scaled, Market-Cap-Sales_scaled"
BIRLACORPN,"EBITDA_scaled, Dollar-INR_scaled, NPM_scaled, CBOE_scaled"
BLS,"Sales_scaled, EBITDA_scaled"
BLUEDART,"Volume_scaled, EBITDA_scaled, Market-Cap-Sales_scaled, BookValue_scaled"
BLUESTARCO,"Market-Cap-Sales_scaled, PriceToBookValue_scaled, 100DayMA_scaled"
BOSCHLTD,"50DayMA_scaled, PriceToBookValue_scaled, 100DayMA_scaled, Sales_scaled, Market-Cap-Sales_scaled, GPM_scaled, EBITDA_scaled"
BPCL,100DayMA_scaled
BRIGADE,"EBITDA_scaled, Sales_scaled, Market-Cap-Sales_scaled, BookValue_scaled, PriceToBookValue_scaled, Volume_scaled, 50DayMA_scaled"
BRITANNIA,EBITDA_scaled
BSE,"Volume_scaled, PriceToBookValue_scaled, 100DayMA_scaled, 50DayMA_scaled, Market-Cap-Sales_scaled, CrudeOil_scaled, Sales_scaled"
BSOFT,"100DayMA_scaled, 50DayMA_scaled, CrudeOil_scaled, OPM_scaled"
CAMPUS,"Market-Cap-Sales_scaled, Volume_scaled, CrudeOil_scaled"
CAMS,"EBITDA_scaled, Sales_scaled, Dollar-INR_scaled, Market-Cap-Sales_scaled, 50DayMA_scaled, PriceToBookValue_scaled, BookValue_scaled, Volume_scaled"
CANBK,"EBITDA_scaled, Sales_scaled, Market-Cap-Sales_scaled, PriceToBookValue_scaled, 100DayMA_scaled"
CANFINHOME,"50DayMA_scaled, Dollar-INR_scaled, CBOE_scaled, Volume_scaled"
CAPLIPOINT,"50DayMA_scaled, 100DayMA_scaled, Market-Cap-Sales_scaled, BookValue_scaled, PriceToBookValue_scaled"
CARBORUNIV,"PriceToBookValue_scaled, 50DayMA_scaled, inflation-Monthly_scaled, Market-Cap-Sales_scaled, CrudeOil_scaled"
CASTROLIND,"Volume_scaled, Market-Cap-Sales_scaled"
CCL,"Volume_scaled, NPM_scaled, BookValue_scaled, 100DayMA_scaled, GPM_scaled, EBITDA_scaled"
CDSL,"PriceToBookValue_scaled, Market-Cap-Sales_scaled, 50DayMA_scaled, Sales_scaled, EBITDA_scaled"
CEATLTD,"BookValue_scaled, PriceToBookValue_scaled, Market-Cap-Sales_scaled, Volume_scaled, 50DayMA_scaled, 100DayMA_scaled"
CELLO,"EBITDA_scaled, Sales_scaled, inflation-yearly_scaled, GDP_scaled, UnemploymentRate_scaled, Volume_scaled, NPM_scaled, inflation-Monthly_scaled"
CENTRALBK,"PriceToBookValue_scaled, Volume_scaled, Market-Cap-Sales_scaled"
CENTURYPLY,"100DayMA_scaled, CrudeOil_scaled, Market-Cap-Sales_scaled, Sales_scaled, CBOE_scaled"
CERA,"BookValue_scaled, GPM_scaled, CBOE_scaled, CrudeOil_scaled"
CGCL,"100DayMA_scaled, 50DayMA_scaled"
CGPOWER,"EBITDA_scaled, Sales_scaled, NPM_scaled, Market-Cap-Sales_scaled, 100DayMA_scaled, 50DayMA_scaled"
CHALET,"PriceToBookValue_scaled, BookValue_scaled, Volume_scaled, Market-Cap-Sales_scaled"
CHAMBLFERT,"PriceToBookValue_scaled, 50DayMA_scaled, 100DayMA_scaled, EBITDA_scaled, BookValue_scaled, Volume_scaled, Sales_scaled"
CHEMPLASTS,"Market-Cap-Sales_scaled, 100DayMA_scaled, EBITDA_scaled, GPM_scaled"
CHENNPETRO,"EBITDA_scaled, BookValue_scaled, Volume_scaled, 100DayMA_scaled, Sales_scaled"
CHOLAHLDNG,"Volume_scaled, 50DayMA_scaled, PriceToBookValue_scaled"
CIEINDIA,"EBITDA_scaled, Sales_scaled"
CLEAN,"inflation-yearly_scaled, GDP_scaled, Market-Cap-Sales_scaled, UnemploymentRate_scaled, PriceToBookValue_scaled, Volume_scaled, Dollar-INR_scaled"
COALINDIA,"CrudeOil_scaled, EBITDA_scaled, BookValue_scaled, OPM_scaled, 100DayMA_scaled"
COCHINSHIP,"Volume_scaled, Market-Cap-Sales_scaled, 100DayMA_scaled, 50DayMA_scaled, EBITDA_scaled, Sales_scaled, PriceToBookValue_scaled"
COFORGE,"CrudeOil_scaled, EBITDA_scaled, Sales_scaled, 100DayMA_scaled, 50DayMA_scaled"
COLPAL,"CrudeOil_scaled, GPM_scaled, 100DayMA_scaled"
CONCOR,Sales_scaled
CONCORDBIO,"50DayMA_scaled, Dollar-INR_scaled, 100DayMA_scaled, PriceToBookValue_scaled, Market-Cap-Sales_scaled"
COROMANDEL,"Sales_scaled, EBITDA_scaled, inflation-Monthly_scaled, Market-Cap-Sales_scaled, 100DayMA_scaled"
CRAFTSMAN,"PriceToBookValue_scaled, BookValue_scaled, Market-Cap-Sales_scaled, CrudeOil_scaled"
CREDITACC,"EBITDA_scaled, Sales_scaled, PriceToBookValue_scaled, Volume_scaled, 100DayMA_scaled, CrudeOil_scaled"
CRISIL,"EBITDA_scaled, Sales_scaled, 50DayMA_scaled, 100DayMA_scaled, Volume_scaled, CBOE_scaled"
CROMPTON,"Market-Cap-Sales_scaled, EBITDA_scaled"
CUB,"50DayMA_scaled, 100DayMA_scaled, Market-Cap-Sales_scaled, Dollar-INR_scaled"
CUMMINSIND,"EBITDA_scaled, 100DayMA_scaled, 50DayMA_scaled, BookValue_scaled, Sales_scaled"
CYIENT,"EBITDA_scaled, 100DayMA_scaled, 50DayMA_scaled, Market-Cap-Sales_scaled, CBOE_scaled, PriceToBookValue_scaled, BookValue_scaled"
DABUR,"CrudeOil_scaled, GPM_scaled, Sales_scaled, Market-Cap-Sales_scaled, Dollar-INR_scaled"
DALBHARAT,"Market-Cap-Sales_scaled, Dollar-INR_scaled, inflation-Monthly_scaled"
DATAPATTNS,"50DayMA_scaled, 100DayMA_scaled"
DBREALTY,"CBOE_scaled, Volume_scaled, Market-Cap-Sales_scaled, BookValue_scaled, PriceToBookValue_scaled"
DEEPAKNTR,"EBITDA_scaled, GPM_scaled, NPM_scaled, OPM_scaled, Market-Cap-Sales_scaled, inflation-Monthly_scaled, CrudeOil_scaled"
DELHIVERY,"Dollar-INR_scaled, Sales_scaled, Market-Cap-Sales_scaled"
DEVYANI,"Market-Cap-Sales_scaled, inflation-yearly_scaled, Sales_scaled, GDP_scaled, PriceToBookValue_scaled, Volume_scaled"
DIVISLAB,"PriceToBookValue_scaled, Market-Cap-Sales_scaled, 50DayMA_scaled"
DIXON,"EBITDA_scaled, Sales_scaled, Market-Cap-Sales_scaled"
DLF,CBOE_scaled
DMART,"Market-Cap-Sales_scaled, 100DayMA_scaled, Volume_scaled, inflation-Monthly_scaled, PriceToBookValue_scaled"
DOMS,"Volume_scaled, PriceToBookValue_scaled, EBITDA_scaled, BookValue_scaled, Sales_scaled, Market-Cap-Sales_scaled, OPM_scaled, GPM_scaled"
DRREDDY,"PriceToBookValue_scaled, EBITDA_scaled"
EASEMYTRIP,Dollar-INR_scaled
ECLERX,"EBITDA_scaled, PriceToBookValue_scaled, Market-Cap-Sales_scaled, Sales_scaled, Volume_scaled, CrudeOil_scaled"
EICHERMOT,"Market-Cap-Sales_scaled, OPM_scaled, PriceToBookValue_scaled, IndianBondYieldRate_scaled, Sales_scaled"
EIDPARRY,"inflation-yearly_scaled, PriceToBookValue_scaled, BookValue_scaled, Volume_scaled, UnemploymentRate_scaled, EBITDA_scaled, Market-Cap-Sales_scaled, Sales_scaled"
EIHOTEL,"EBITDA_scaled, Volume_scaled, PriceToBookValue_scaled, Sales_scaled"
ELECON,"PriceToBookValue_scaled, BookValue_scaled, Volume_scaled"
ELGIEQUIP,"50DayMA_scaled, 100DayMA_scaled, BookValue_scaled"
EMAMILTD,Volume_scaled
EMCURE,"GPM_scaled, EBITDA_scaled, BookValue_scaled, Sales_scaled, Market-Cap-Sales_scaled"
ENDURANCE,"Market-Cap-Sales_scaled, 50DayMA_scaled, GDP_scaled, Dollar-INR_scaled, GPM_scaled, inflation-Monthly_scaled, PriceToBookValue_scaled, UnemploymentRate_scaled"
ENGINERSIN,"100DayMA_scaled, PriceToBookValue_scaled, EBITDA_scaled"
EQUITASBNK,"NPM_scaled, Market-Cap-Sales_scaled, 100DayMA_scaled"
ERIS,"Sales_scaled, Volume_scaled, EBITDA_scaled, PriceToBookValue_scaled, Market-Cap-Sales_scaled"
ESCORTS,"Sales_scaled, 50DayMA_scaled, OPM_scaled, inflation-Monthly_scaled"
EXIDEIND,"PriceToBookValue_scaled, Market-Cap-Sales_scaled, 50DayMA_scaled, Volume_scaled, 100DayMA_scaled"
FACT,"Market-Cap-Sales_scaled, 50DayMA_scaled, Volume_scaled, 100DayMA_scaled"
FEDERALBNK,"PriceToBookValue_scaled, Market-Cap-Sales_scaled"
FINCABLES,"PriceToBookValue_scaled, Market-Cap-Sales_scaled, 50DayMA_scaled, 100DayMA_scaled, Sales_scaled, CBOE_scaled, CrudeOil_scaled, Volume_scaled"
FINEORG,"EBITDA_scaled, Sales_scaled, PriceToBookValue_scaled, Volume_scaled, Market-Cap-Sales_scaled, 50DayMA_scaled, 100DayMA_scaled, BookValue_scaled"
FINPIPE,"Dollar-INR_scaled, Market-Cap-Sales_scaled"
FLUOROCHEM,"Volume_scaled, EBITDA_scaled, Sales_scaled, BookValue_scaled, CrudeOil_scaled"
FORTIS,"50DayMA_scaled, CrudeOil_scaled, Market-Cap-Sales_scaled"
FSL,"Volume_scaled, Sales_scaled, Market-Cap-Sales_scaled, CrudeOil_scaled, PriceToBookValue_scaled, BookValue_scaled, EBITDA_scaled"
GAEL,"BookValue_scaled, Market-Cap-Sales_scaled, NPM_scaled"
GAIL,CrudeOil_scaled
GESHIP,"50DayMA_scaled, CrudeOil_scaled, BookValue_scaled, Market-Cap-Sales_scaled, PriceToBookValue_scaled"
GICRE,"Volume_scaled, NPM_scaled, EBITDA_scaled, Market-Cap-Sales_scaled, CrudeOil_scaled"
GILLETTE,"Volume_scaled, 50DayMA_scaled, 100DayMA_scaled"
GLAND,"GDP_scaled, Sales_scaled, EBITDA_scaled, 100DayMA_scaled, 50DayMA_scaled, Market-Cap-Sales_scaled"
GLAXO,"100DayMA_scaled, Market-Cap-Sales_scaled, 50DayMA_scaled, Sales_scaled, EBITDA_scaled, Volume_scaled"
GLENMARK,"EBITDA_scaled, 50DayMA_scaled, 100DayMA_scaled, NPM_scaled, Sales_scaled"
GMDCLTD,"EBITDA_scaled, BookValue_scaled, PriceToBookValue_scaled, Sales_scaled, Market-Cap-Sales_scaled, 100DayMA_scaled, 50DayMA_scaled, OPM_scaled, Volume_scaled, CrudeOil_scaled, CBOE_scaled"
GMRAIRPORT,"Market-Cap-Sales_scaled, 100DayMA_scaled, 50DayMA_scaled, Sales_scaled, Volume_scaled, EBITDA_scaled, CBOE_scaled"
GNFC,"Sales_scaled, EBITDA_scaled, Volume_scaled, 100DayMA_scaled, PriceToBookValue_scaled, Market-Cap-Sales_scaled, CrudeOil_scaled"
GODFRYPHLP,"Volume_scaled, EBITDA_scaled, BookValue_scaled, Sales_scaled, PriceToBookValue_scaled, Market-Cap-Sales_scaled, 50DayMA_scaled, 100DayMA_scaled"
GODREJAGRO,"Sales_scaled, 50DayMA_scaled, Market-Cap-Sales_scaled, Volume_scaled, CrudeOil_scaled, 100DayMA_scaled, Dollar-INR_scaled"
GODREJCP,"Sales_scaled, EBITDA_scaled, Dollar-INR_scaled, CrudeOil_scaled, inflation-Monthly_scaled"
GODREJIND,"50DayMA_scaled, 100DayMA_scaled, Volume_scaled, PriceToBookValue_scaled, Market-Cap-Sales_scaled"
GODREJPROP,"EBITDA_scaled, 50DayMA_scaled, Sales_scaled, 100DayMA_scaled, UnemploymentRate_scaled, CBOE_scaled, Market-Cap-Sales_scaled"
GPIL,"inflation-Monthly_scaled, GPM_scaled, NPM_scaled, OPM_scaled, Market-Cap-Sales_scaled, 100DayMA_scaled, PriceToBookValue_scaled, 50DayMA_scaled"
GPPL,"100DayMA_scaled, EBITDA_scaled, Volume_scaled, 50DayMA_scaled, Sales_scaled"
GRANULES,"100DayMA_scaled, Market-Cap-Sales_scaled"
GRAPHITE,"PriceToBookValue_scaled, 100DayMA_scaled, Market-Cap-Sales_scaled, CrudeOil_scaled, Volume_scaled, 50DayMA_scaled, Dollar-INR_scaled"
GRINDWELL,"Sales_scaled, EBITDA_scaled, PriceToBookValue_scaled, Volume_scaled"
GRINFRA,"PriceToBookValue_scaled, EBITDA_scaled, Market-Cap-Sales_scaled, GDP_scaled, 50DayMA_scaled"
GRSE,"Volume_scaled, 50DayMA_scaled"
GSFC,"EBITDA_scaled, Sales_scaled, GPM_scaled"
GSPL,"Volume_scaled, 100DayMA_scaled, 50DayMA_scaled"
GUJGASLTD,"CBOE_scaled, Dollar-INR_scaled"
GVT&D,"Market-Cap-Sales_scaled, PriceToBookValue_scaled, 50DayMA_scaled, 100DayMA_scaled"
HAL,"100DayMA_scaled, 50DayMA_scaled, OPM_scaled, Volume_scaled"
HAPPSTMNDS,"Volume_scaled, EBITDA_scaled, Market-Cap-Sales_scaled, 50DayMA_scaled, OPM_scaled, GDP_scaled, PriceToBookValue_scaled, Sales_scaled"
HAVELLS,"BookValue_scaled, Volume_scaled, Dollar-INR_scaled, inflation-Monthly_scaled"
HBLENGINE,"Market-Cap-Sales_scaled, EBITDA_scaled, 100DayMA_scaled, Sales_scaled, Volume_scaled, PriceToBookValue_scaled, inflation-Monthly_scaled, BookValue_scaled"
HCLTECH,inflation-Monthly_scaled
HDFCAMC,"EBITDA_scaled, Sales_scaled, IndianBondYieldRate_scaled, CBOE_scaled"
HDFCBANK,"Dollar-INR_scaled, Market-Cap-Sales_scaled, IndianBondYieldRate_scaled, CrudeOil_scaled, Sales_scaled, EBITDA_scaled"
HDFCLIFE,"50DayMA_scaled, PriceToBookValue_scaled, Market-Cap-Sales_scaled, Sales_scaled, IndianBondYieldRate_scaled"
HEG,"PriceToBookValue_scaled, 50DayMA_scaled, Market-Cap-Sales_scaled, 100DayMA_scaled"
HFCL,"PriceToBookValue_scaled, CrudeOil_scaled, Volume_scaled, BookValue_scaled, NPM_scaled"
HINDALCO,"CrudeOil_scaled, 50DayMA_scaled, 100DayMA_scaled, Market-Cap-Sales_scaled, PriceToBookValue_scaled, BookValue_scaled"
HINDCOPPER,"Volume_scaled, CrudeOil_scaled, 100DayMA_scaled, PriceToBookValue_scaled, Market-Cap-Sales_scaled"
HINDPETRO,"CrudeOil_scaled, Volume_scaled, 100DayMA_scaled, CBOE_scaled"
HINDUNILVR,"CrudeOil_scaled, Volume_scaled, Sales_scaled, inflation-Monthly_scaled, OPM_scaled"
HINDZINC,"Market-Cap-Sales_scaled, PriceToBookValue_scaled, Volume_scaled, 50DayMA_scaled, GDP_scaled, Sales_scaled, EBITDA_scaled, 100DayMA_scaled"
HOMEFIRST,"Market-Cap-Sales_scaled, GDP_scaled, inflation-Monthly_scaled"
HONASA,"GPM_scaled, CrudeOil_scaled, IndianBondYieldRate_scaled"
HONAUT,50DayMA_scaled
HSCL,"BookValue_scaled, PriceToBookValue_scaled, Market-Cap-Sales_scaled, 100DayMA_scaled, 50DayMA_scaled, inflation-Monthly_scaled, UnemploymentRate_scaled"
HUDCO,"PriceToBookValue_scaled, 100DayMA_scaled, 50DayMA_scaled, Market-Cap-Sales_scaled, Volume_scaled"
ICICIBANK,"100DayMA_scaled, PriceToBookValue_scaled, 50DayMA_scaled, CrudeOil_scaled, EBITDA_scaled, Dollar-INR_scaled, Market-Cap-Sales_scaled"
ICICIGI,"Market-Cap-Sales_scaled, inflation-Monthly_scaled, CrudeOil_scaled"
ICICIPRULI,"EBITDA_scaled, 50DayMA_scaled, Volume_scaled, Sales_scaled, PriceToBookValue_scaled, Market-Cap-Sales_scaled"
IDBI,"Market-Cap-Sales_scaled, Volume_scaled"
IDEA,"BookValue_scaled, 50DayMA_scaled, Market-Cap-Sales_scaled, 100DayMA_scaled"
IDFCFIRSTB,"NPM_scaled, PriceToBookValue_scaled, CBOE_scaled, Market-Cap-Sales_scaled, GDP_scaled, 50DayMA_scaled, Volume_scaled, UnemploymentRate_scaled"
IEX,CrudeOil_scaled
IFCI,"Volume_scaled, PriceToBookValue_scaled, Market-Cap-Sales_scaled, 100DayMA_scaled, 50DayMA_scaled"
IGL,"EBITDA_scaled, PriceToBookValue_scaled, Sales_scaled, Volume_scaled, Market-Cap-Sales_scaled"
IIFL,"Market-Cap-Sales_scaled, PriceToBookValue_scaled"
INDGN,"inflation-Monthly_scaled, EBITDA_scaled, Sales_scaled, PriceToBookValue_scaled, 100DayMA_scaled"
INDHOTEL,"PriceToBookValue_scaled, 100DayMA_scaled, GPM_scaled"
INDIACEM,"Volume_scaled, inflation-yearly_scaled, Market-Cap-Sales_scaled, UnemploymentRate_scaled, EBITDA_scaled, 50DayMA_scaled, PriceToBookValue_scaled"
INDIAMART,"100DayMA_scaled, NPM_scaled"
INDIANB,"100DayMA_scaled, Market-Cap-Sales_scaled"
INDIGO,"CrudeOil_scaled, EBITDA_scaled"
INDUSINDBK,"Sales_scaled, EBITDA_scaled, 50DayMA_scaled, PriceToBookValue_scaled, 100DayMA_scaled"
INDUSTOWER,"Volume_scaled, Market-Cap-Sales_scaled"
INFY,"Sales_scaled, EBITDA_scaled, CrudeOil_scaled"
INOXINDIA,Volume_scaled
INOXWIND,"PriceToBookValue_scaled, Market-Cap-Sales_scaled, 100DayMA_scaled, 50DayMA_scaled"
INTELLECT,"Volume_scaled, EBITDA_scaled, 100DayMA_scaled, PriceToBookValue_scaled"
IOB,"Volume_scaled, PriceToBookValue_scaled, Market-Cap-Sales_scaled, 50DayMA_scaled, 100DayMA_scaled, CrudeOil_scaled"
IOC,Market-Cap-Sales_scaled
IPCALAB,"CBOE_scaled, inflation-yearly_scaled, UnemploymentRate_scaled, GDP_scaled, OPM_scaled, EBITDA_scaled, GPM_scaled, BookValue_scaled"
IRB,CBOE_scaled
IRCON,"Dollar-INR_scaled, NPM_scaled, OPM_scaled, inflation-Monthly_scaled, Market-Cap-Sales_scaled"
IRCTC,"100DayMA_scaled, 50DayMA_scaled, GPM_scaled"
IREDA,"OPM_scaled, 100DayMA_scaled, Volume_scaled, 50DayMA_scaled"
IRFC,"Volume_scaled, 50DayMA_scaled"
ISEC,"Market-Cap-Sales_scaled, CBOE_scaled, Dollar-INR_scaled, Sales_scaled, 100DayMA_scaled, 50DayMA_scaled, EBITDA_scaled"
ITC,"Volume_scaled, NPM_scaled"
ITI,"Volume_scaled, Market-Cap-Sales_scaled, 50DayMA_scaled, EBITDA_scaled, 100DayMA_scaled, PriceToBookValue_scaled"
J&KBANK,"100DayMA_scaled, Sales_scaled, EBITDA_scaled, 50DayMA_scaled, Volume_scaled"
JBCHEPHARM,"100DayMA_scaled, 50DayMA_scaled, Market-Cap-Sales_scaled, Volume_scaled, PriceToBookValue_scaled"
JBMA,"PriceToBookValue_scaled, Market-Cap-Sales_scaled, 50DayMA_scaled, 100DayMA_scaled, CBOE_scaled, EBITDA_scaled, Volume_scaled"
JINDALSAW,"BookValue_scaled, PriceToBookValue_scaled, 100DayMA_scaled, CrudeOil_scaled, 50DayMA_scaled"
JINDALSTEL,"CrudeOil_scaled, EBITDA_scaled, Sales_scaled"
JIOFIN,"50DayMA_scaled, CBOE_scaled, 100DayMA_scaled"
JKCEMENT,"EBITDA_scaled, Market-Cap-Sales_scaled, PriceToBookValue_scaled, 50DayMA_scaled, 100DayMA_scaled"
JKLAKSHMI,"EBITDA_scaled, PriceToBookValue_scaled, Market-Cap-Sales_scaled, 50DayMA_scaled"
JKTYRE,"Volume_scaled, CBOE_scaled, BookValue_scaled"
JMFINANCIL,"CrudeOil_scaled, Volume_scaled"
JPPOWER,"Volume_scaled, inflation-Monthly_scaled, Sales_scaled, EBITDA_scaled, PriceToBookValue_scaled"
JSL,"Volume_scaled, PriceToBookValue_scaled, Market-Cap-Sales_scaled, 50DayMA_scaled, 100DayMA_scaled, CrudeOil_scaled"
JSWENERGY,"Volume_scaled, PriceToBookValue_scaled, Market-Cap-Sales_scaled, 50DayMA_scaled, BookValue_scaled, CrudeOil_scaled, 100DayMA_scaled, EBITDA_scaled"
JSWINFRA,50DayMA_scaled
JSWSTEEL,"CrudeOil_scaled, Sales_scaled, EBITDA_scaled, PriceToBookValue_scaled, Market-Cap-Sales_scaled, 50DayMA_scaled, Volume_scaled"
JUBLFOOD,"IndianBondYieldRate_scaled, CrudeOil_scaled"
JUBLINGREA,PriceToBookValue_scaled
JUBLPHARMA,"EBITDA_scaled, inflation-Monthly_scaled"
JUSTDIAL,"EBITDA_scaled, Dollar-INR_scaled, Sales_scaled, GDP_scaled, PriceToBookValue_scaled"
JWL,"Market-Cap-Sales_scaled, 100DayMA_scaled, 50DayMA_scaled, Volume_scaled, PriceToBookValue_scaled, CrudeOil_scaled"
JYOTHYLAB,"EBITDA_scaled, Market-Cap-Sales_scaled, Sales_scaled, PriceToBookValue_scaled"
JYOTICNC,"PriceToBookValue_scaled, Market-Cap-Sales_scaled"
KAJARIACER,"PriceToBookValue_scaled, Market-Cap-Sales_scaled, Dollar-INR_scaled"
KALYANKJIL,"Sales_scaled, BookValue_scaled, Volume_scaled, 50DayMA_scaled, inflation-Monthly_scaled"
KANSAINER,"NPM_scaled, OPM_scaled, Sales_scaled, Dollar-INR_scaled, GPM_scaled, inflation-Monthly_scaled"
KAYNES,"Market-Cap-Sales_scaled, PriceToBookValue_scaled, 50DayMA_scaled, Volume_scaled, Sales_scaled, EBITDA_scaled"
KEC,"Volume_scaled, BookValue_scaled"
KEI,"BookValue_scaled, 100DayMA_scaled, PriceToBookValue_scaled, 50DayMA_scaled"
KFINTECH,"BookValue_scaled, PriceToBookValue_scaled, Market-Cap-Sales_scaled, 100DayMA_scaled"
KIMS,"50DayMA_scaled, 100DayMA_scaled, Volume_scaled"
KIRLOSBROS,"100DayMA_scaled, 50DayMA_scaled, PriceToBookValue_scaled, BookValue_scaled, EBITDA_scaled, Market-Cap-Sales_scaled, inflation-Monthly_scaled, NPM_scaled"
KIRLOSENG,"100DayMA_scaled, 50DayMA_scaled, BookValue_scaled, Market-Cap-Sales_scaled, PriceToBookValue_scaled, EBITDA_scaled, NPM_scaled, CBOE_scaled"
KNRCON,"Volume_scaled, Sales_scaled, EBITDA_scaled"
KOTAKBANK,"PriceToBookValue_scaled, Dollar-INR_scaled"
KPIL,"100DayMA_scaled, Sales_scaled, 50DayMA_scaled, PriceToBookValue_scaled, Market-Cap-Sales_scaled"
KPITTECH,"100DayMA_scaled, 50DayMA_scaled, BookValue_scaled, EBITDA_scaled"
KPRMILL,"100DayMA_scaled, 50DayMA_scaled"
KSB,100DayMA_scaled
LALPATHLAB,"EBITDA_scaled, Market-Cap-Sales_scaled, Sales_scaled, OPM_scaled, NPM_scaled, 50DayMA_scaled, PriceToBookValue_scaled, 100DayMA_scaled"
LATENTVIEW,"EBITDA_scaled, Sales_scaled, 50DayMA_scaled, CBOE_scaled, CrudeOil_scaled, inflation-Monthly_scaled"
LAURUSLABS,"Market-Cap-Sales_scaled, PriceToBookValue_scaled, 50DayMA_scaled, 100DayMA_scaled"
LEMONTREE,"UnemploymentRate_scaled, Market-Cap-Sales_scaled, Sales_scaled, CrudeOil_scaled"
LICHSGFIN,"UnemploymentRate_scaled, inflation-yearly_scaled, 100DayMA_scaled, PriceToBookValue_scaled, Market-Cap-Sales_scaled, GDP_scaled, CBOE_scaled, EBITDA_scaled"
LICI,"Volume_scaled, BookValue_scaled, PriceToBookValue_scaled, 100DayMA_scaled, Sales_scaled"
LINDEINDIA,"PriceToBookValue_scaled, Market-Cap-Sales_scaled, 100DayMA_scaled, 50DayMA_scaled"
LLOYDSME,"100DayMA_scaled, 50DayMA_scaled, PriceToBookValue_scaled, GPM_scaled, OPM_scaled, NPM_scaled, BookValue_scaled, Market-Cap-Sales_scaled"
LODHA,Market-Cap-Sales_scaled
LT,"Market-Cap-Sales_scaled, PriceToBookValue_scaled, CrudeOil_scaled, Sales_scaled"
LTF,"PriceToBookValue_scaled, Market-Cap-Sales_scaled, Sales_scaled, UnemploymentRate_scaled"
LTIM,"CrudeOil_scaled, GDP_scaled, Market-Cap-Sales_scaled, 100DayMA_scaled"
LTTS,"Market-Cap-Sales_scaled, 100DayMA_scaled, PriceToBookValue_scaled, 50DayMA_scaled, CrudeOil_scaled, BookValue_scaled, Volume_scaled"
LUPIN,"PriceToBookValue_scaled, Market-Cap-Sales_scaled, UnemploymentRate_scaled, EBITDA_scaled"
M&M,"PriceToBookValue_scaled, 50DayMA_scaled, 100DayMA_scaled, Market-Cap-Sales_scaled, EBITDA_scaled"
M&MFIN,"Volume_scaled, 50DayMA_scaled, Market-Cap-Sales_scaled, 100DayMA_scaled, PriceToBookValue_scaled, Sales_scaled"
MAHABANK,"Volume_scaled, Sales_scaled, Market-Cap-Sales_scaled, PriceToBookValue_scaled, 100DayMA_scaled"
MAHLIFE,"100DayMA_scaled, 50DayMA_scaled, Dollar-INR_scaled"
MAHSEAMLES,"100DayMA_scaled, PriceToBookValue_scaled, CrudeOil_scaled"
MANAPPURAM,"CrudeOil_scaled, OPM_scaled, NPM_scaled, Volume_scaled"
MANKIND,"inflation-yearly_scaled, GDP_scaled, UnemploymentRate_scaled, 50DayMA_scaled, inflation-Monthly_scaled"
MANYAVAR,"EBITDA_scaled, Sales_scaled, 50DayMA_scaled, Dollar-INR_scaled, 100DayMA_scaled, PriceToBookValue_scaled"
MARICO,"Sales_scaled, inflation-yearly_scaled, EBITDA_scaled, UnemploymentRate_scaled, CrudeOil_scaled, GDP_scaled, Volume_scaled, inflation-Monthly_scaled"
MARUTI,"PriceToBookValue_scaled, Market-Cap-Sales_scaled, inflation-Monthly_scaled, GPM_scaled"
MASTEK,"Market-Cap-Sales_scaled, Sales_scaled, EBITDA_scaled, CrudeOil_scaled, PriceToBookValue_scaled"
MAXHEALTH,"50DayMA_scaled, 100DayMA_scaled, PriceToBookValue_scaled"
MAZDOCK,"PriceToBookValue_scaled, Market-Cap-Sales_scaled, 50DayMA_scaled, OPM_scaled, 100DayMA_scaled, Volume_scaled"
MCX,"EBITDA_scaled, Sales_scaled, Market-Cap-Sales_scaled, PriceToBookValue_scaled, 50DayMA_scaled"
MEDANTA,"inflation-Monthly_scaled, 100DayMA_scaled"
METROBRAND,"EBITDA_scaled, Sales_scaled, PriceToBookValue_scaled, Market-Cap-Sales_scaled, CBOE_scaled"
METROPOLIS,"Market-Cap-Sales_scaled, 50DayMA_scaled, PriceToBookValue_scaled"
MFSL,"EBITDA_scaled, Sales_scaled, PriceToBookValue_scaled, Dollar-INR_scaled"
MGL,"Market-Cap-Sales_scaled, PriceToBookValue_scaled, 50DayMA_scaled, Sales_scaled, 100DayMA_scaled"
MINDACORP,"Market-Cap-Sales_scaled, PriceToBookValue_scaled, 50DayMA_scaled, Volume_scaled, 100DayMA_scaled"
MMTC,"Volume_scaled, Market-Cap-Sales_scaled, PriceToBookValue_scaled, 100DayMA_scaled"
MOTHERSON,"50DayMA_scaled, 100DayMA_scaled, inflation-Monthly_scaled, Market-Cap-Sales_scaled, PriceToBookValue_scaled"
MOTILALOFS,"100DayMA_scaled, PriceToBookValue_scaled, Market-Cap-Sales_scaled"
MPHASIS,"CrudeOil_scaled, 100DayMA_scaled"
MRF,"EBITDA_scaled, 50DayMA_scaled, Sales_scaled"
MRPL,"PriceToBookValue_scaled, Volume_scaled, 50DayMA_scaled, 100DayMA_scaled, Market-Cap-Sales_scaled, CrudeOil_scaled, EBITDA_scaled"
MSUMI,"Dollar-INR_scaled, 100DayMA_scaled"
MUTHOOTFIN,"EBITDA_scaled, Sales_scaled, Market-Cap-Sales_scaled, 100DayMA_scaled, CrudeOil_scaled"
NAM-INDIA,"CBOE_scaled, Market-Cap-Sales_scaled, PriceToBookValue_scaled, CrudeOil_scaled, 100DayMA_scaled"
NATCOPHARM,"OPM_scaled, 100DayMA_scaled, CrudeOil_scaled, Sales_scaled, Market-Cap-Sales_scaled, BookValue_scaled, NPM_scaled"
NATIONALUM,"CrudeOil_scaled, EBITDA_scaled, Sales_scaled, NPM_scaled, OPM_scaled, Volume_scaled, 100DayMA_scaled, PriceToBookValue_scaled"
NAUKRI,"GDP_scaled, EBITDA_scaled, Market-Cap-Sales_scaled, Sales_scaled, Volume_scaled, UnemploymentRate_scaled"
NAVINFLUOR,"CrudeOil_scaled, inflation-Monthly_scaled, IndianBondYieldRate_scaled, 50DayMA_scaled, EBITDA_scaled, Volume_scaled, UnemploymentRate_scaled, Sales_scaled, 100DayMA_scaled"
NBCC,"Volume_scaled, PriceToBookValue_scaled, 100DayMA_scaled, inflation-Monthly_scaled"
NCC,"100DayMA_scaled, 50DayMA_scaled, PriceToBookValue_scaled, Market-Cap-Sales_scaled"
NESTLEIND,"UnemploymentRate_scaled, GPM_scaled, inflation-yearly_scaled, 50DayMA_scaled, 100DayMA_scaled"
NETWEB,"50DayMA_scaled, Volume_scaled, Dollar-INR_scaled, 100DayMA_scaled, CrudeOil_scaled"
NETWORK18,"PriceToBookValue_scaled, CBOE_scaled"
NEWGEN,"Market-Cap-Sales_scaled, 100DayMA_scaled, PriceToBookValue_scaled, Volume_scaled, 50DayMA_scaled"
NH,"EBITDA_scaled, Sales_scaled, Market-Cap-Sales_scaled"
NHPC,"Volume_scaled, PriceToBookValue_scaled, Market-Cap-Sales_scaled, 50DayMA_scaled, 100DayMA_scaled"
NIACL,Market-Cap-Sales_scaled
NLCINDIA,"EBITDA_scaled, PriceToBookValue_scaled, Market-Cap-Sales_scaled, Sales_scaled, 100DayMA_scaled, Volume_scaled, NPM_scaled, 50DayMA_scaled"
NMDC,"Market-Cap-Sales_scaled, CrudeOil_scaled, 100DayMA_scaled, PriceToBookValue_scaled"
NSLNISP,100DayMA_scaled
NTPC,"100DayMA_scaled, 50DayMA_scaled, PriceToBookValue_scaled, CrudeOil_scaled"
NUVAMA,"EBITDA_scaled, Sales_scaled"
NUVOCO,"IndianBondYieldRate_scaled, EBITDA_scaled"
NYKAA,"Dollar-INR_scaled, CrudeOil_scaled, PriceToBookValue_scaled, IndianBondYieldRate_scaled, BookValue_scaled, Market-Cap-Sales_scaled, 50DayMA_scaled"
OBEROIRLTY,"EBITDA_scaled, Volume_scaled, Sales_scaled, 50DayMA_scaled, CBOE_scaled"
OFSS,"EBITDA_scaled, Sales_scaled, 50DayMA_scaled, Market-Cap-Sales_scaled, 100DayMA_scaled, NPM_scaled"
OIL,"CrudeOil_scaled, 100DayMA_scaled, 50DayMA_scaled, inflation-Monthly_scaled"
OLECTRA,"Volume_scaled, Sales_scaled, CBOE_scaled"
ONGC,"CrudeOil_scaled, 100DayMA_scaled, 50DayMA_scaled, IndianBondYieldRate_scaled"
PAGEIND,"100DayMA_scaled, 50DayMA_scaled"
PATANJALI,"GDP_scaled, CrudeOil_scaled"
PAYTM,"50DayMA_scaled, 100DayMA_scaled, PriceToBookValue_scaled, Market-Cap-Sales_scaled, BookValue_scaled, CBOE_scaled, CrudeOil_scaled, Volume_scaled"
PEL,"Market-Cap-Sales_scaled, PriceToBookValue_scaled"
PERSISTENT,"EBITDA_scaled, Sales_scaled, PriceToBookValue_scaled"
PETRONET,"Volume_scaled, OPM_scaled, GPM_scaled, EBITDA_scaled"
PFC,"100DayMA_scaled, 50DayMA_scaled, BookValue_scaled, PriceToBookValue_scaled"
PFIZER,"PriceToBookValue_scaled, Market-Cap-Sales_scaled, IndianBondYieldRate_scaled"
PGHH,"Volume_scaled, CBOE_scaled"
PHOENIXLTD,"Volume_scaled, 100DayMA_scaled"
PIDILITIND,CrudeOil_scaled
PIIND,"Sales_scaled, EBITDA_scaled, PriceToBookValue_scaled, Volume_scaled"
PNB,"100DayMA_scaled, 50DayMA_scaled, OPM_scaled, NPM_scaled, CBOE_scaled, BookValue_scaled"
PNBHOUSING,"Market-Cap-Sales_scaled, PriceToBookValue_scaled, 50DayMA_scaled"
PNCINFRA,"50DayMA_scaled, 100DayMA_scaled"
POLICYBZR,"PriceToBookValue_scaled, Sales_scaled, Dollar-INR_scaled, Market-Cap-Sales_scaled, inflation-Monthly_scaled, 100DayMA_scaled"
POLYCAB,"50DayMA_scaled, PriceToBookValue_scaled, Market-Cap-Sales_scaled, Sales_scaled, CBOE_scaled, 100DayMA_scaled, BookValue_scaled"
POLYMED,"EBITDA_scaled, Sales_scaled, BookValue_scaled"
POONAWALLA,"Volume_scaled, EBITDA_scaled, Market-Cap-Sales_scaled, PriceToBookValue_scaled, BookValue_scaled"
POWERGRID,"100DayMA_scaled, PriceToBookValue_scaled, 50DayMA_scaled"
POWERINDIA,"50DayMA_scaled, 100DayMA_scaled"
PPLPHARMA,"Sales_scaled, Market-Cap-Sales_scaled, 50DayMA_scaled, 100DayMA_scaled"
PRAJIND,"PriceToBookValue_scaled, Market-Cap-Sales_scaled, 100DayMA_scaled, 50DayMA_scaled, CrudeOil_scaled"
PRESTIGE,"NPM_scaled, PriceToBookValue_scaled, Market-Cap-Sales_scaled, 100DayMA_scaled, 50DayMA_scaled, BookValue_scaled, Volume_scaled, CBOE_scaled, Sales_scaled"
PTCIL,"Volume_scaled, Dollar-INR_scaled, CBOE_scaled"
PVRINOX,"50DayMA_scaled, 100DayMA_scaled, PriceToBookValue_scaled, EBITDA_scaled, Volume_scaled"
QUESS,"Market-Cap-Sales_scaled, EBITDA_scaled, 100DayMA_scaled, Sales_scaled, GPM_scaled"
RADICO,"PriceToBookValue_scaled, 100DayMA_scaled, Market-Cap-Sales_scaled, 50DayMA_scaled"
RAILTEL,"100DayMA_scaled, 50DayMA_scaled"
RAINBOW,PriceToBookValue_scaled
RAJESHEXPO,"GPM_scaled, OPM_scaled, NPM_scaled, Sales_scaled"
RAMCOCEM,"CBOE_scaled, 50DayMA_scaled, GPM_scaled, OPM_scaled, PriceToBookValue_scaled, Market-Cap-Sales_scaled, 100DayMA_scaled"
RATNAMANI,"CrudeOil_scaled, Market-Cap-Sales_scaled, EBITDA_scaled, PriceToBookValue_scaled"
RAYMOND,"Volume_scaled, 100DayMA_scaled, 50DayMA_scaled, PriceToBookValue_scaled"
RBLBANK,"Sales_scaled, Market-Cap-Sales_scaled, UnemploymentRate_scaled, 100DayMA_scaled, inflation-yearly_scaled, 50DayMA_scaled, GDP_scaled, Volume_scaled"
RCF,"50DayMA_scaled, Volume_scaled, Market-Cap-Sales_scaled, EBITDA_scaled, 100DayMA_scaled"
RECLTD,"EBITDA_scaled, Sales_scaled, 100DayMA_scaled, 50DayMA_scaled, PriceToBookValue_scaled, BookValue_scaled, Market-Cap-Sales_scaled, Volume_scaled, CBOE_scaled"
REDINGTON,"EBITDA_scaled, Sales_scaled, 100DayMA_scaled, PriceToBookValue_scaled, 50DayMA_scaled, CrudeOil_scaled"
RELIANCE,"50DayMA_scaled, Market-Cap-Sales_scaled, CrudeOil_scaled"
RENUKA,"GPM_scaled, Market-Cap-Sales_scaled, PriceToBookValue_scaled, CrudeOil_scaled, 50DayMA_scaled, OPM_scaled"
RHIM,"EBITDA_scaled, BookValue_scaled, CrudeOil_scaled, 100DayMA_scaled"
RITES,"PriceToBookValue_scaled, Market-Cap-Sales_scaled, 100DayMA_scaled"
RKFORGE,"CrudeOil_scaled, 50DayMA_scaled"
ROUTE,"GPM_scaled, Market-Cap-Sales_scaled, CrudeOil_scaled, OPM_scaled, EBITDA_scaled, GDP_scaled, PriceToBookValue_scaled"
RRKABEL,"EBITDA_scaled, Sales_scaled, CBOE_scaled"
RTNINDIA,"Market-Cap-Sales_scaled, Volume_scaled, Sales_scaled"
RVNL,"Volume_scaled, OPM_scaled, 100DayMA_scaled, 50DayMA_scaled, Market-Cap-Sales_scaled, PriceToBookValue_scaled, NPM_scaled"
SAIL,"100DayMA_scaled, Volume_scaled, 50DayMA_scaled, Sales_scaled, CrudeOil_scaled, EBITDA_scaled"
SAMMAANCAP,"50DayMA_scaled, Sales_scaled, PriceToBookValue_scaled, EBITDA_scaled"
SANOFI,"Volume_scaled, Market-Cap-Sales_scaled, EBITDA_scaled, Sales_scaled, 50DayMA_scaled, BookValue_scaled"
SAPPHIRE,100DayMA_scaled
SAREGAMA,"PriceToBookValue_scaled, Market-Cap-Sales_scaled, 50DayMA_scaled, 100DayMA_scaled, CrudeOil_scaled"
SBFC,"Volume_scaled, PriceToBookValue_scaled"
SBICARD,"GDP_scaled, Volume_scaled, Market-Cap-Sales_scaled, Dollar-INR_scaled, UnemploymentRate_scaled, 100DayMA_scaled, 50DayMA_scaled"
SBILIFE,Market-Cap-Sales_scaled
SBIN,"BookValue_scaled, Market-Cap-Sales_scaled, 100DayMA_scaled, 50DayMA_scaled"
SCHNEIDER,"Market-Cap-Sales_scaled, 100DayMA_scaled, 50DayMA_scaled, NPM_scaled"
SCI,"100DayMA_scaled, 50DayMA_scaled, EBITDA_scaled, Volume_scaled, Sales_scaled"
SHREECEM,"UnemploymentRate_scaled, PriceToBookValue_scaled, inflation-yearly_scaled, Market-Cap-Sales_scaled, 100DayMA_scaled"
SHRIRAMFIN,100DayMA_scaled
SHYAMMETL,"PriceToBookValue_scaled, BookValue_scaled, Volume_scaled, CrudeOil_scaled"
SIEMENS,"100DayMA_scaled, 50DayMA_scaled, BookValue_scaled, PriceToBookValue_scaled, Market-Cap-Sales_scaled, EBITDA_scaled, Sales_scaled, NPM_scaled"
SIGNATURE,GPM_scaled
SJVN,"Volume_scaled, 100DayMA_scaled, GPM_scaled, Market-Cap-Sales_scaled, 50DayMA_scaled"
SKFINDIA,"EBITDA_scaled, NPM_scaled, Sales_scaled, Volume_scaled, Dollar-INR_scaled, Market-Cap-Sales_scaled, PriceToBookValue_scaled"
SOBHA,"100DayMA_scaled, 50DayMA_scaled, UnemploymentRate_scaled, BookValue_scaled"
SOLARINDS,"Volume_scaled, BookValue_scaled, OPM_scaled, PriceToBookValue_scaled, 50DayMA_scaled, 100DayMA_scaled, NPM_scaled, Sales_scaled"
SONACOMS,"Market-Cap-Sales_scaled, PriceToBookValue_scaled, Sales_scaled, EBITDA_scaled, 50DayMA_scaled, 100DayMA_scaled"
SONATSOFTW,"50DayMA_scaled, 100DayMA_scaled, CrudeOil_scaled, Market-Cap-Sales_scaled"
SPARC,"Sales_scaled, UnemploymentRate_scaled, IndianBondYieldRate_scaled, EBITDA_scaled, GPM_scaled, OPM_scaled, NPM_scaled, 100DayMA_scaled"
SRF,"Market-Cap-Sales_scaled, 100DayMA_scaled, 50DayMA_scaled, PriceToBookValue_scaled"
STARHEALTH,"100DayMA_scaled, 50DayMA_scaled"
SUMICHEM,"PriceToBookValue_scaled, EBITDA_scaled, Market-Cap-Sales_scaled, GDP_scaled, UnemploymentRate_scaled"
SUNDARMFIN,"Volume_scaled, PriceToBookValue_scaled"
SUNDRMFAST,"Market-Cap-Sales_scaled, PriceToBookValue_scaled, Dollar-INR_scaled, 50DayMA_scaled"
SUNPHARMA,Sales_scaled
SUNTV,50DayMA_scaled
SUPREMEIND,"100DayMA_scaled, 50DayMA_scaled, Volume_scaled, Market-Cap-Sales_scaled"
SUVENPHAR,"Market-Cap-Sales_scaled, 100DayMA_scaled"
SUZLON,"inflation-Monthly_scaled, PriceToBookValue_scaled, 100DayMA_scaled, 50DayMA_scaled, Market-Cap-Sales_scaled, Sales_scaled"
SWANENERGY,"Volume_scaled, 100DayMA_scaled, OPM_scaled, BookValue_scaled, 50DayMA_scaled, EBITDA_scaled"
SWSOLAR,"Market-Cap-Sales_scaled, 100DayMA_scaled, 50DayMA_scaled"
SYNGENE,"EBITDA_scaled, IndianBondYieldRate_scaled, NPM_scaled"
SYRMA,"EBITDA_scaled, Sales_scaled, Volume_scaled"
TANLA,"PriceToBookValue_scaled, Market-Cap-Sales_scaled, 100DayMA_scaled, 50DayMA_scaled, Sales_scaled"
TATACHEM,"inflation-Monthly_scaled, Market-Cap-Sales_scaled, CrudeOil_scaled, PriceToBookValue_scaled"
TATACOMM,"Market-Cap-Sales_scaled, Sales_scaled, Volume_scaled, 50DayMA_scaled"
TATACONSUM,"EBITDA_scaled, 50DayMA_scaled, Sales_scaled, 100DayMA_scaled"
TATAELXSI,"CrudeOil_scaled, PriceToBookValue_scaled, Market-Cap-Sales_scaled, 100DayMA_scaled"
TATAINVEST,"Market-Cap-Sales_scaled, 100DayMA_scaled, 50DayMA_scaled, BookValue_scaled, Volume_scaled"
TATAMOTORS,"BookValue_scaled, CBOE_scaled, 50DayMA_scaled, 100DayMA_scaled, CrudeOil_scaled"
TATAPOWER,"PriceToBookValue_scaled, Market-Cap-Sales_scaled, Sales_scaled, Volume_scaled, 50DayMA_scaled, CrudeOil_scaled, 100DayMA_scaled, NPM_scaled"
TATASTEEL,"Sales_scaled, CrudeOil_scaled, EBITDA_scaled"
TATATECH,"100DayMA_scaled, OPM_scaled, BookValue_scaled, CrudeOil_scaled, EBITDA_scaled, Sales_scaled, 50DayMA_scaled"
TCS,NPM_scaled
TECHM,"CrudeOil_scaled, EBITDA_scaled, inflation-Monthly_scaled"
TECHNOE,"PriceToBookValue_scaled, Market-Cap-Sales_scaled, 100DayMA_scaled, Volume_scaled, EBITDA_scaled, 50DayMA_scaled"
TEJASNET,"EBITDA_scaled, Sales_scaled, PriceToBookValue_scaled"
THERMAX,"Volume_scaled, Market-Cap-Sales_scaled, 50DayMA_scaled, PriceToBookValue_scaled, 100DayMA_scaled, BookValue_scaled, OPM_scaled, inflation-Monthly_scaled"
TIINDIA,"50DayMA_scaled, 100DayMA_scaled, Market-Cap-Sales_scaled, Volume_scaled, Sales_scaled"
TIMKEN,"Market-Cap-Sales_scaled, OPM_scaled, 50DayMA_scaled, 100DayMA_scaled"
TITAGARH,"BookValue_scaled, Market-Cap-Sales_scaled, 100DayMA_scaled, 50DayMA_scaled, CrudeOil_scaled"
TITAN,"Sales_scaled, 100DayMA_scaled"
TORNTPHARM,"CrudeOil_scaled, EBITDA_scaled, Sales_scaled"
TORNTPOWER,"EBITDA_scaled, Sales_scaled, PriceToBookValue_scaled, Volume_scaled, Market-Cap-Sales_scaled, 100DayMA_scaled"
TRENT,"PriceToBookValue_scaled, EBITDA_scaled, Sales_scaled, 100DayMA_scaled, Market-Cap-Sales_scaled, 50DayMA_scaled, BookValue_scaled, CBOE_scaled"
TRIDENT,"Market-Cap-Sales_scaled, PriceToBookValue_scaled"
TRITURBINE,"EBITDA_scaled, Sales_scaled, 100DayMA_scaled, 50DayMA_scaled, Volume_scaled, BookValue_scaled"
TRIVENI,"CrudeOil_scaled, 100DayMA_scaled, PriceToBookValue_scaled"
TTML,"100DayMA_scaled, 50DayMA_scaled, PriceToBookValue_scaled, Market-Cap-Sales_scaled, CrudeOil_scaled, Volume_scaled"
TVSMOTOR,"PriceToBookValue_scaled, Sales_scaled, EBITDA_scaled, 100DayMA_scaled, Market-Cap-Sales_scaled, inflation-Monthly_scaled"
TVSSCS,"EBITDA_scaled, 100DayMA_scaled, 50DayMA_scaled, IndianBondYieldRate_scaled"
UBL,"PriceToBookValue_scaled, Sales_scaled, CrudeOil_scaled"
UCOBANK,"Volume_scaled, BookValue_scaled, PriceToBookValue_scaled, Market-Cap-Sales_scaled, Sales_scaled, 50DayMA_scaled, EBITDA_scaled, 100DayMA_scaled"
UJJIVANSFB,"100DayMA_scaled, 50DayMA_scaled, CrudeOil_scaled, GDP_scaled, Volume_scaled"
ULTRACEMCO,"PriceToBookValue_scaled, Market-Cap-Sales_scaled, 50DayMA_scaled"
UNIONBANK,"Volume_scaled, NPM_scaled, PriceToBookValue_scaled, BookValue_scaled, OPM_scaled"
UNOMINDA,"CrudeOil_scaled, EBITDA_scaled, Sales_scaled"
UPL,"Market-Cap-Sales_scaled, PriceToBookValue_scaled, EBITDA_scaled, GPM_scaled, Sales_scaled, CrudeOil_scaled"
USHAMART,"PriceToBookValue_scaled, Market-Cap-Sales_scaled, CrudeOil_scaled"
UTIAMC,"EBITDA_scaled, Sales_scaled, inflation-Monthly_scaled"
VARROC,"Volume_scaled, EBITDA_scaled"
VBL,100DayMA_scaled
VEDL,"CrudeOil_scaled, 100DayMA_scaled, 50DayMA_scaled, Market-Cap-Sales_scaled"
VGUARD,"100DayMA_scaled, inflation-Monthly_scaled, CrudeOil_scaled, GDP_scaled"
VIJAYA,"100DayMA_scaled, PriceToBookValue_scaled, 50DayMA_scaled, Volume_scaled, BookValue_scaled, GPM_scaled, Market-Cap-Sales_scaled"
VINATIORGA,"inflation-Monthly_scaled, Volume_scaled, GPM_scaled"
VIPIND,"EBITDA_scaled, 50DayMA_scaled"
VOLTAS,"EBITDA_scaled, Sales_scaled, PriceToBookValue_scaled, 50DayMA_scaled, Market-Cap-Sales_scaled, BookValue_scaled"
VTL,"CrudeOil_scaled, 100DayMA_scaled"
WELCORP,"Market-Cap-Sales_scaled, EBITDA_scaled, PriceToBookValue_scaled, 50DayMA_scaled, 100DayMA_scaled"
WELSPUNLIV,"Sales_scaled, 100DayMA_scaled, 50DayMA_scaled, PriceToBookValue_scaled, CBOE_scaled"
WESTLIFE,"Volume_scaled, 50DayMA_scaled, Market-Cap-Sales_scaled, EBITDA_scaled, CrudeOil_scaled"
WHIRLPOOL,"Sales_scaled, Market-Cap-Sales_scaled, OPM_scaled, 50DayMA_scaled, NPM_scaled, PriceToBookValue_scaled"
WIPRO,"inflation-Monthly_scaled, EBITDA_scaled, CrudeOil_scaled"
YESBANK,"Dollar-INR_scaled, 50DayMA_scaled, EBITDA_scaled"
ZEEL,"CrudeOil_scaled, 100DayMA_scaled"
ZFCVINDIA,"PriceToBookValue_scaled, 50DayMA_scaled, inflation-Monthly_scaled, Market-Cap-Sales_scaled, EBITDA_scaled"
ZOMATO,"PriceToBookValue_scaled, Market-Cap-Sales_scaled, EBITDA_scaled, inflation-Monthly_scaled, 50DayMA_scaled, 100DayMA_scaled"
ZYDUSLIFE,"100DayMA_scaled, OPM_scaled, 50DayMA_scaled, EBITDA_scaled, GPM_scaled, Sales_scaled"
